,item_name,price,item_img,sub_title,info_img,seller,package_type,package_detail,sell_unit,weight,origin,allergy,warning,item_detail,category
0,[KF365] 양념 소불고기 1kg (냉장),"18,990","https://img-cf.kurly.com/cdn-cgi/image/quality=85,width=676/shop/data/goods/165304027922l0.jpg","100g당 가격: 1,899원",0,컬리,냉장 (종이포장),택배배송은 에코 포장이 스티로폼으로 대체됩니다.,1개,1Kg,상품설명/상세정보 참조,"- 쇠고기, 대두, 밀 함유
본 제품은 돼지고기, 닭고기, 우유, 계란, 새우, 토마토, 오징어, 조개류(굴,바지락,개량조개)를 사용한 제품과 같은 제조시설에서 제조하고 있습니다.",수령일 포함 최소 3일 남은 제품을 보내 드립니다.,"합리적으로 즐기는 온 가족 반찬
[KF365] 양념 소불고기
호불호 없는 메인 요리를 꼽자면 양념 소불고기가 빠지지 않을 거예요. 달짝지근한 양념이 고루 밴 야들한 소불고기는 온 가족 밥반찬으로 딱 좋은 식재료인데요. 컬리는 맛 좋은 소불고기를 부담 없이 즐길 수 있도록 넉넉한 1kg 대용량으로 준비했어요. 육가공 전문 브랜드, 견우푸드와 손 잡고 질 좋은 소고기에 너무 짜거나 달지 않은 은근한 감칠맛을 입혀 완성했답니다. 냉장고에 구비해두고 마땅한 반찬이 떠오르지 않는 순간, 언제든지 꺼내 즐겨보세요. 명절 음식으로 활용하기에도 제격일 거에요.
Kurly's Check Point
Kurly’s Tip
보관법
・-2~10℃에서 냉장 보관하세요. 신선한 상태로 보내드리는 냉장육이므로, 수령 후 가급적 빠른 시일 내에 섭취하는 것이 좋습니다.",meat
1,[KF365] 1+등급 무항생제 특란 20구,"7,300","https://img-cf.kurly.com/cdn-cgi/image/quality=85,width=676/shop/data/goods/1637147626889l0.jpg",1구 당 판매가 : 365원,1,컬리,냉장 (종이포장),택배배송은 에코 포장이 스티로폼으로 대체됩니다.,1팩(20구),1200g,국내산,- 계란 함유,"출고일 기준, 산란일로부터 10일 이내 상품을 배송해드립니다.(총 유통기한 : 산란일로부터 30일)","넉넉히 즐기는 1+등급 특란
[KF365]
1+등급 특란 20구
매일 같이 식탁에 오르는 식재료인 만큼 믿고 살 수 있는 달걀을 찾고 있는 분이라면 KF365가 선보이는 1+등급 특란을 만나보세요. 1+, 1, 2, 3등급 계란의 품질을 나누는 네 가지의 등급 중에서 1+등급의 품질을 유지하기 위해 닭의 스트레스를 줄이는 사육 환경을 제공하고 사료를 관리하는 것은 물론, 닭의 주령까지 꼼꼼하게 관리하죠. 거기에 무항생제 인증까지 받은 달걀이니 믿고 선택하실 수 있을 거예요. 1+등급 특란 20구로 넉넉하게 즐겨보세요.
Kurly's Check Point
달걀, 꼼꼼하게 따져보세요
・닭이 자라는 환경은 어떤가요?
현재 케이지를 도입하고 있기 때문에 사육환경번호 4번에 해당합니다. 그러나 일반적으로 상상할 수 있는 케이지 농가가 아닌, 위생적이고 혁신적인 스마트팜이에요. 온도, 습도, 일조량, 계분 처리 등을 최첨단으로 관리하여 스트레스를 최소화하고 달걀의 안전도 지키고 있습니다.

・닭에게 무엇을 먹이나요?
유산균을 비롯한 비타민 E, 칼슘 등 영양성분이 뛰어난 사료를 맞춤형으로 제공해요. 항생제와 산란촉진제 등이 포함돼 있지 않은 사료를 급여해 무항생제 인증을 받았어요.

・세척한 달걀인가요?
달걀 껍질에 묻은 분뇨를 세척한 뒤 냉장으로 유통합니다.

・안전한 달걀인지 검사를 하나요?
주기적인 자가품질검사를 통해 농약, 항생제 등이 잔류하지 않는지 테스트하고 있어요.
Kurly’s Tip
산란일과 유통기한
・산란한지 10일 이내의 달걀을 보내드려요. 유통기한은 산란일자로부터 약 한 달간입니다. 단, 보관 상태에 따라 섭취 가능 기한은 달라질 수 있어요.
Kurly’s Note",meat
2,[브룩클린688] 호주산 목초육 치마살 구이용 300g (냉장),"11,625","https://img-cf.kurly.com/cdn-cgi/image/quality=85,width=676/shop/data/goods/165303917855l0.jpeg",100g 당 5166원,2,컬리,냉장 (종이포장),택배배송은 에코 포장이 스티로폼으로 대체됩니다.,1팩,300g,호주산,"- 소고기 함유
- 대두, 밀, 돼지고기, 우유, 토마토, 새우, 아황산류, 닭고기, 조개류(굴, 홍합, 전복), 오징어, 잣, 알류, 게, 복숭아, 땅콩, 호두, 고등어, 메밀과 동일 제조시설에서 제조",포장일로부터 최대 4일 이내 제품을 보내 드립니다.,"풍부한 육즙과 야들야들한 식감
[브룩클린688]
목초육 치마살
호주 멜버른 브룩클린에는 세계적인 육류가공업체인 JBS그룹의 육가공장, 688 가공장이 있습니다. 최첨단 처리 시설을 갖춘 이 공장에서 생산되는 브룩클린688을 만나보세요. 좋은 품질과 합리적인 가격을 자랑하는 브랜드이죠. 고깃결이 곱고 일정해 부드러운 식감을 느낄 수 있는 치마살을 만나보세요. 소금과 후추를 더해 가볍게 구워내는 것만으로 충분하답니다. 촉촉하게 배어 나오는 육즙과 야들야들한 질감이 식사의 만족도를 한층 끌어올려 줄 거예요.
Kurly's Check Point
Kurly’s Pick
목초육 치마살
・중량 : 1팩(300g)
・특징 : 소 양지 부위 중 소 뒷다리 쪽에 가까운 치마살만을 담았습니다. 쫀득하고 육즙이 많아요.
・보관법 : 수령 즉시 -2~10°C에서 냉장 보관하세요.
Kurly’s Note
About Brand
브룩클린(Brooklyn)688은 세계 최대 육류 가공기업인 JBS 그룹이 호주에 보유하고 있는 육가공장 중 하나입니다. 호주 남반구의 최대 상업지구 멜버른의 브룩클린에 자리하고 있는데요. 멜버른 항구와 7km 거리에 위치, 브룩클린688에서 생산한 육가공품을 전 세계로 수출하고 있습니다. 거대 육류 유통 기업인만큼 최첨단 처리 기술과 시스템을 갖추고 있고, 이를 바탕으로 양질의 고기를 생산합니다. 일관성 있는 품질과 맛은 브룩클린688이 약속하는 가치입니다.",meat
3,[Kurly's] 동물복지 유정란 20구,"9,290","https://img-cf.kurly.com/cdn-cgi/image/quality=85,width=676/shop/data/goods/1653036825212l0.jpeg",1구 당 판매가: 499.5원,3,컬리,냉장 (종이포장),택배배송은 에코 포장이 스티로폼으로 대체됩니다.,1팩,20구,국내산,-달걀 함유,"출고일 기준, 산란일로부터 10일 이내 상품을 배송해드립니다.(총 유통기한 : 산란일로부터 30일)","구매 전 참고사항
・본 상품의 판매원인 (주)컬리의 주소지 및 디자인이 일부 변경됩니다. 변경 과정에서 기존 상품이 배송될 수 있으나, 내용물은 동일함을 알려드립니다.

・‘농장 인증정보’는 상품의 전면부 유통기한 표시면에서 확인하실 수 있습니다.
전문가와 함께 꼼꼼하게 고른
[Kurly’s]
동물복지 유정란 20구
매일 먹는 달걀, 조금 더 꼼꼼히 골라볼까요. 양계 분야의 전문가로 손꼽히는 브랜드 조인과 컬리가 함께 기획한 동물복지 달걀입니다. 닭의 스트레스를 줄여주는 쾌적한 환경을 제공함은 물론, 항생제나 산란 촉진제는 일절 사용하지 않았어요. 까다로운 동물복지 인증과 무항생제 인증까지 모두 획득한 달걀이니 믿고 드셔도 좋습니다. 컬리가 고른 동물복지 유정란, 그 건강한 맛을 담아가 보세요.
Kurly's Check Point
Kurly’s Pick
동물복지 유정란 20구
・닭이 자라는 환경은 어떤가요?
사육환경번호 2번, 평사입니다. 동물복지 인증 기준을 충족하는 축사에서 닭들이 자유롭게 움직이며 자라요.
・닭에게 무엇을 먹이나요?
자체 배합한 곡물 사료를 먹입니다. 항생제와 산란촉진제 등이 포함돼 있지 않은 사료를 급여해 무항생제 인증을 받았어요.
・세척한 달걀인가요?
달걀 껍질에 묻은 분뇨 등을 세척한 뒤 냉장으로 유통합니다.
・안전한 달걀인지 검사를 하나요?
주기적인 자가품질검사를 통해 농약, 항생제 등이 잔류하지 않는지 테스트하고 있어요.
・산란일과 유통기한은?
산란한 지 10일 이내의 달걀을 보내드려요. 유통기한은 산란일자로부터 약 한 달간입니다. 단, 보관 상태에 따라 섭취 가능 기한은 달라질 수 있어요.
Kurly’s Note",meat
4,[KF365] 한돈 삼겹살 구이용 600g~ (냉장),"15,540","https://img-cf.kurly.com/cdn-cgi/image/quality=85,width=676/shop/data/goods/1637147561308l0.jpg","100g 당 판매가 : 2,590원",4,컬리,냉장 (종이포장),택배배송은 에코 포장이 스티로폼으로 대체됩니다.,1팩,"600g / 1,000g",국내산,"-돼지고기 함유
-이 제품은 알레르기 유발 성분(소고기)을 사용한 제품과 같은 제조시설에서 제조하고 있습니다.",수령일 포함 최소 5일 이상 남은 제품을 보내드립니다.,"미리 구비하는 인기 부위
[KF365]
한돈 삼겹살 구이용 2종
노릇하게 익힌 삼겹살은 언제 먹어도 만족스러운 음식이죠. 국내산 돼지고기의 삼겹살 부위를 구워 먹기 알맞은 두께로 준비했어요. 특유의 고소한 풍미는 물론이고, 야들한 식감까지 제대로 즐길 수 있지요. 두 가지 용량으로 준비했으니 필요에 맞게 선택해 보세요. 찌개 등의 요리에도 활용하기 좋답니다.
Kurly's Check Point
Kurly’s Pick
01~02. 한돈 삼겹살 구이용
・선택 가이드 : ①600g, ②1,000g 중 선택하세요.
・특징 : 국내산 삼겹살을 구이에 알맞은 두께로 정형한 상품이에요.
Kurly’s Tip
보관법
・냉장실에서 보관해 주세요.
Kurly’s Note",meat
5,[KF365] 1+ 한우 국거리 300g(냉장),"11,920","https://img-cf.kurly.com/cdn-cgi/image/quality=85,width=676/shop/data/goods/1645492554545l0.jpg","100g당 가격 : 4,967원",5,컬리,냉장 (종이포장),택배배송은 에코 포장이 스티로폼으로 대체됩니다.,1팩,300g,국내산 (한우),"소고기 함유
이 제품은 돼지고기를 사용한 제품과 같은 시설에서 제조하고 있습니다.","출고일 기준, 유통기한 만기 7일 이상 남은 상품을 보내드립니다. (총유통기한 : 15일)","바로 조리하는 간편 국거리
1+ 한우 국거리
매일 구비해두는 기본 식재료로 소고기를 빼놓을 수 없지요. 건강한 품질의 소고기를 부담 없이 만나보고 싶도록, KF365의 1+한우 국거리를 준비했답니다. 깊고 담백한 국물을 우려내기에 좋은 부위만을 사용한 상품이에요. 육질까지 탄탄해 오래 끓여도 쉽게 풀어지지 않는답니다. 바로 조리하기 알맞은 크기로 손질했으니 간편하게 사용해 보세요.
Kurly's Check Point
Kurly’s Tip
보관법
・냉장실에 보관해 주세요.
Kurly’s Note",meat
6,[Kurly's] 동물복지 백색 유정란 20구,"9,180","https://img-cf.kurly.com/cdn-cgi/image/quality=85,width=676/shop/data/goods/1653036887869l0.jpeg",1구 당 판매가: 510원,6,컬리,냉장 (종이포장),택배배송은 에코 포장이 스티로폼으로 대체됩니다.,1개,20구,국내산,"출고일 기준, 산란일로부터 10일 이내 상품을 배송해드립니다.(총 유통기한 : 산란일로부터 30일)","이력번호가 표시된 제품이며, 이력번호는 수령하시는 상품 패키지에서 확인 가능합니다.","구매 전 참고사항
・본 상품의 판매원인 (주)컬리의 주소지 및 디자인이 일부 변경됩니다. 변경 과정에서 기존 상품이 배송될 수 있으나, 내용물은 동일함을 알려드립니다.

・‘농장 인증정보’는 상품의 전면부 유통기한 표시면에서 확인하실 수 있습니다.
넉넉하게 즐기는 하얀 달걀
[Kurly’s]
동물복지 백색 유정란 20구
컬리가 고른 동물복지 유정란, 이번엔 백색란으로 만나보세요. 마음 놓고 넉넉하게 즐길 수 있는 컬리의 동물복지 백색 유정란 20구를 소개할게요. 양계 분야의 전문가로 손꼽히는 브랜드 조인과 컬리가 함께 기획한 동물복지 달걀입니다. 닭의 스트레스를 줄여주는 쾌적한 환경을 제공함은 물론, 항생제나 산란 촉진제는 일절 사용하지 않았어요. 까다로운 동물복지 인증과 무항생제 인증까지 모두 획득한 달걀이니 믿고 드셔도 좋습니다. 여기에 하얀 달걀이 주는 깨끗함까지 함께 담아가 보세요.
Kurly's Check Point
Kurly’s Pick
동물복지 백색 유정란 20구
・닭이 자라는 환경은 어떤가요?
사육환경번호 2번, 평사입니다. 동물복지 인증 기준을 충족하는 축사에서 닭들이 자유롭게 움직이며 자라요.
・닭에게 무엇을 먹이나요?
자체 배합한 곡물 사료를 먹입니다. 항생제와 산란촉진제 등이 포함돼 있지 않은 사료를 급여해 무항생제 인증을 받았어요.
・세척한 달걀인가요?
달걀 껍질에 묻은 분뇨를 세척한 뒤 냉장으로 유통합니다.
・안전한 달걀인지 검사를 하나요?
주기적인 자가품질검사를 통해 농약, 항생제 등이 잔류하지 않는지 테스트하고 있어요.
・산란일과 유통기한은?
산란한 지 10일 이내의 달걀을 보내드려요. 유통기한은 산란일자로부터 약 한 달간입니다. 단, 보관 상태에 따라 섭취 가능 기한은 달라질 수 있어요.
Kurly’s Note",meat
7,[태우한우] 1+ 한우 안심 구이용 200g (냉장),"39,000","https://product-image.kurly.com/cdn-cgi/image/quality=85,width=676/product/image/895ea429-0ff7-4c08-b384-6b223696fc88.jpg","100g당 가격 : 19,950원",7,컬리,냉장 (종이포장),택배배송은 에코 포장이 스티로폼으로 대체됩니다.,1팩,200g,국내산(한우),"- 소고기 함유
- 이 제품은 돼지고기를 사용한 제품과 같은 제조시설에서 제조하고 있습니다.",포장일로부터 최대 8일 이내 제품을 보내 드립니다.,"비단결처럼 곱고 부드러운 식감
[태우 한우] 한우 1+ 안심
텐더로인(Tenderloin)이라고 불리기도 하는 안심은 단어로도 짐작할 수 있듯, 고기의 식감이 얼마나 부드럽기에 붙여진 이름인 지 알 수 있죠. 복강 안쪽에 위치한다고 하여 안심이라고 불리며, 운동량이 많지 않아 소고기 중 가장 결이 곱고 부드럽다고 해요. 소 한 마리에서 겨우 2~3% 정도 밖에 얻을 수 없는 고급 부위이기 때문에 그대로 구워 먹었을 때 진가를 잘 알 수 있죠. 담백하고 고소한 풍미를 자랑하는 태우 한우의 한우 1+ 안심을 구이로 즐겨보세요.
Kurly's Check Point
스킨 팩으로 한 층 더 신선하게
해외여행을 가게 되면 마켓 구경을 빼놓을 수 없는데요. 영국의 고급 식료품점 '막스 앤 스펜서'를 비롯한 많은 해외 마켓의 정육 코너에서 제품 표면에 밀착시켜 포장한 깔끔하고 고급스러운 상품들을 보신 적이 있을 거예요. 사실은 근사해 보이도록 포장한 것이 아니라, 상품의 유통기한과 보관을 위해 실용성을 더한 포장 방식이죠.

이처럼 해외에서는 이미 스킨(Skin) 포장 방식이 많이 자리를 잡고 있어요. 피부처럼 제품 표면에 밀착시켰다고 하여 스킨 팩이라고 불리죠. 태우 한우는 냉동에만 가능했던 기존 방식을 냉장에 접목하고, 특수 공정을 추가해 제품의 열 손상 없이도 냉장 스킨이 가능한 기술을 보유하고 있어요. 이런 기술로 하여 최적의 맛과 품질은 물론이고, 감각적이고 트렌디한 패키지까지 탄생시키는 일석이조의 효과를 누리게 되었답니다.
안심하고 먹는 태우 한우 1+ 안심
모두가 신뢰하는 명품 한우를 지향하는 태우 한우는 농협 안심 한우를 원육으로 사용합니다. 농협 안심 한우는 농협 중앙회에서 관리하는 통합 브랜드로 일정 수준의 기준으로 수매하여, 안정적인 품질을 자랑해 믿고 먹을 수 있는 우리 한우죠. 또한, 음이온 램프로 제품의 균 번식을 억제하는 음이온 가공장 시설을 운영하기 때문에 더욱 안심하고 드실 수 있답니다. 입에서 사르르 녹는 연한 육질을 자랑하는 태우 한우의 한우 1+ 안심을 컬리에서 경험해보세요.
Kurly’s Tip
Kurly’s Note
About Brand
마장동에 위치한 태우 한우는 1988년 창업 이래로 30년간 축산에 집중해온 축산전문 기업이에요. 신선하고 품질 좋은 한우 생산을 위해 무엇보다 중요한 것은 철저한 위생관리와 품질관리라는 신념으로 사업을 꾸려나가고 있죠. HACCP 우수 업체로 기본에 충실한 생산과 음이온 가공장 시설을 운영하며 위생 관리에 엄격하게 신경 쓰고 있어요. 그 노력의 결과를 보여주기라도 하는 듯 500여 곳이 넘는 대형 고객사에게 신뢰를 얻고 함께하고 있으며, 맛과 품질은 물론이고 그 브랜드 가치를 인정받아 미식의 나라 싱가포르와 홍콩 등지에 해외 수출을 하며 우리나라 한우를 세계에 알리는 데 앞장서고 있습니다.",meat
8,[KF365] 오리지널 바베큐폭립 1kg(500gX2EA),"19,900","https://product-image.kurly.com/cdn-cgi/image/quality=85,width=676/product/image/b8c4673a-8e39-4dfc-9e3c-d2fd013e8cfa.jpg",온 가족이 즐기는 큼직한 바베큐 폭립!,8,컬리,냉동 (종이포장),택배배송은 에코 포장이 스티로폼으로 대체됩니다.,1kg(500g*2),상품설명/상세정보 참조,"- 돼지고기, 토마토, 대두, 쇠고기, 닭고기, 밀, 조개류(굴), 이산화항 함유
- 이 제품은 계란, 새우, 조개류(바지락, 개량조개)를 사용한 제품과 같은 제조시설에서 제조하고 있습니다.
- 본 포장재는 전자레인지용이 아니므로 전자레인지 조리시 전자레인지용 용기를 사용하시기 바랍니다.",수령일로 부터 155일 이상 남은 상품을 보내 드립니다.,"해당 상품은 냉동 제품입니다
 이미 냉동된 바 있으니 해동된 제품은 재냉동 시키지 마십시오.","에어프라이어로 더 바삭하게
[KF365]
오리지널 바베큐폭립
근사한 비주얼부터 쏙 발라먹는 재미까지, 폭립을 즐겨 찾는 분들이 많으실 텐데요. 컬리가 간편하게 조리할 수 있는 오리지널 바베큐 폭립을 준비했어요. 두툼한 살코기는 물론이고, 달콤 짭짤한 소스가 고루 배어 들어 맛있게 즐길 수 있답니다. 넉넉한 용량으로 담은 상품이니 손님 맞이를 위한 요리로도 준비해 보세요.
Kurly's Check Point
Kurly’s Pick
오리지널 바베큐폭립
・중량 : 1박스(1kg / 2팩입)
・특징 : 짭짤하게 양념한 폭립을 한 덩어리 씩 진공 포장했어요. 필요한 만큼 깔끔하게 사용할 수 있어 더욱 만족스럽답니다.
Kurly’s Tip
보관
・-18℃ 이하에서 냉동 보관해 주세요.
해동법
・조리 전 냉장실에 넣고 12~24시간 정도 충분히 해동해 주세요.
조리법
・전자레인지 조리법 : 해동한 내용물과 소스를 전자레인지 전용 용기에 담고 5분간 데워 드세요.
・오븐 조리법 : 해동한 내용물에 소스를 펴바른 후, 호일로 감싸 200℃에서 10분간 조리하세요. 호일을 벗기고 5분간 더 데워 주세요.
・바베큐 조리 : 해동한 내용물을 꺼내서 소스를 펴바른 후, 뒤집기를 반복하며 약 7분간 타지 않게 조리해 주세요.
・에어프라이어 조리 : 해동한 내용물을 에어프라이어에 넣고 200℃에서 앞뒤로 4분씩 조리해 주세요.",meat
9,[KF365] 1+등급 무항생제 대란 20구,"7,100","https://img-cf.kurly.com/cdn-cgi/image/quality=85,width=676/shop/data/goods/1646377916155l0.jpg",1구 당 판매가 : 355원,9,컬리,냉장 (종이포장),택배배송은 에코 포장이 스티로폼으로 대체됩니다.,1팩(20구),1040g,국내산,- 계란 함유,"출고일 기준, 산란일로부터 10일 이내 상품을 배송해드립니다.(총 유통기한 : 산란일로부터 30일)","부담 없이 누리는 신선한 달걀
[KF365] 1+등급
무항생제 대란 20구
매일 같이 식탁에 오르는 식재료인 만큼 믿고 살 수 있는 달걀을 찾고 있는 분이라면 KF365가 선보이는 1+등급 무항생제 대란을 만나보세요. 1+, 1, 2, 3등급 계란의 품질을 나누는 네 가지의 등급 중에서 1+등급의 품질을 유지하기 위해 닭의 스트레스를 줄이는 사육 환경을 제공하고 사료를 관리하는 것은 물론, 닭의 주령까지 꼼꼼하게 관리하죠. 거기에 무항생제 인증까지 받은 달걀이니 믿고 선택하실 수 있을 거예요. 20구 상품으로 준비했으니, 매일매일 신선하게 즐겨보세요.
Kurly's Check Point
달걀, 꼼꼼하게 따져보세요
・닭이 자라는 환경은 어떤가요?
현재 케이지를 도입하고 있기 때문에 사육환경번호 4번에 해당합니다. 그러나 일반적으로 상상할 수 있는 케이지 농가가 아닌, 위생적이고 혁신적인 스마트팜이에요. 온도, 습도, 일조량, 계분 처리 등을 최첨단으로 관리하여 스트레스를 최소화하고 달걀의 안전도 지키고 있습니다.

・닭에게 무엇을 먹이나요?
유산균을 비롯한 비타민 E, 칼슘 등 영양성분이 뛰어난 사료를 맞춤형으로 제공해요. 항생제와 산란촉진제 등이 포함돼 있지 않은 사료를 급여해 무항생제 인증을 받았어요.

・세척한 달걀인가요?
달걀 껍질에 묻은 분뇨를 세척한 뒤 냉장으로 유통합니다.

・안전한 달걀인지 검사를 하나요?
주기적인 자가품질검사를 통해 농약, 항생제 등이 잔류하지 않는지 테스트하고 있어요.
Kurly’s Tip
산란일과 유통기한
・산란한지 10일 이내의 달걀을 보내드려요. 유통기한은 산란일자로부터 약 한 달간입니다. 단, 보관 상태에 따라 섭취 가능 기한은 달라질 수 있어요.
Kurly’s Note",meat
10,[자연실록] 닭가슴살 큐브 스테이크 4종,"7,650","https://img-cf.kurly.com/cdn-cgi/image/quality=85,width=676/shop/data/goods/1653037613129l0.jpeg",간편하게 구워 먹는 촉촉한 닭가슴살,10,컬리,냉동 (종이포장),택배배송은 에코 포장이 스티로폼으로 대체됩니다.,1팩,500g,상품설명/상세정보 참조,"- 닭고기 함유 
- 치즈맛: 닭고기, 우유, 대두, 밀, 알류 함유
이 제품은 알류, 우유, 메밀, 땅콩, 대두, 밀, 고등어, 게, 새우, 돼지고기, 복숭아, 토마토, 호두, 쇠고기, 오징어, 조개류, 아황산류, 잣을 사용한 제품과 같은 시설에서 제조했습니다.",수령일 포함 347일 이상 남은 상품을 보내드립니다. (유통기한: 제조일로부터 547일),"간편하게 구워 먹는 촉촉한 닭가슴살
[자연실록]
동물복지 닭가슴살
큐브 스테이크 4종
닭가슴살은 지방이 적은 살코기 부위로, 식단을 관리하는 분들이 많이 찾는 식재료인데요. 좋은 환경에서 키워 더욱 안심 할 수 있는 자연실록의 닭가슴살 큐브 스테이크를 만나 보세요. 도계 즉시 급속으로 동결하는 IFF 공법*을 사용해 신선함을 그대로 보존하고, 특유의 퍽퍽한 식감 대신 촉촉한 육질을 살렸어요. 적당한 크기로 깍둑 썰어내 조리하거나 먹기에도 무척 편리고요. 각각 후추와 파슬리, 국내산 마늘, 청양고추, 치즈로 감칠맛을 더해 양념 없이도 심심하지 않게 즐길 수 있답니다.

*IFF(Individual Fresh Frozen)공법이란? 신선한 닭고기를 도계 즉시 영하 35℃에서 40분간 개별 급속동결하여 세포의 원형을 유지하는 방법을 뜻해요.
Kurly's Check Point
Kurly’s Pick
01. 동물복지 닭가슴살 큐브 스테이크
・중량 : 1봉(500g)
・특징 : 닭가슴살 결이 촉촉하게 느껴지는 오리지널 제품이에요. 염지 과정을 짧게 거친 후 후추와 파슬리로 향미를 살짝 더해 담백하면서도 심심하지 않은 감칠맛이 느껴집니다.
02. 동물복지 닭가슴살 큐브 스테이크 갈릭
・중량 : 1봉(500g)
・특징 : 국내산 마늘로 깊은 맛을 더했어요. 은은한 마늘 향이 느껴지는 동시에 육질이 부드러워 누구나 부담없이 먹을 수 있답니다.
03. 동물복지 닭가슴살 큐브 스테이크 청양고추
・중량 : 1봉(500g)
・특징 : 식단조절 중 매콤한 음식이 생각난다면 청양고추를 추천할게요. 담백한 닭가슴살에 송송 썬 청양고추를 더해 질리지 않는 맛을 가졌답니다.
04. 동물복지 닭가슴살 큐브 스테이크 치즈
・중량 : 1봉(500g)
・특징 : 고소한 치즈를 콕콕 박아 완성한 닭가슴살 큐브입니다. 달콤 짭조름한 풍미를 지녀 그냥 먹어도 참 맛있어요.
Kurly’s Tip
조리법
・프라이팬 조리 시 : 프라이팬에 기름을 둘러 예열한 다음, 냉동 상태의 닭가슴살을 올려 약불에서 7~8분간 조리해 주세요. 중간중간 뒤집어 가며 골고루 익혀 주시면 됩니다.
・에어프라이어 조리 시 : 180℃로 5분간 예열한 에어프라이어에 냉동 상태의 닭가슴살을 잘 펼쳐 넣고 약 3분간 조리한 다음, 뒤집어서 5분간 더 조리해 주세요.
보관법
・-18℃ 이하의 냉동실에서 보관해 주세요.
활용팁
・프라이팬에 버터를 발라 구우면 더욱 진한 풍미를 느낄 수 있어요.
・버섯이나 양파, 피망, 마늘, 아스파라거스 등의 채소를 곁들여 함께 볶으면 더욱 풍성한 요리를 완성할 수 있답니다.",meat
11,[델리치오] 호주산 목초육 안심 스테이크 250g (냉장),"18,320","https://img-cf.kurly.com/cdn-cgi/image/quality=85,width=676/shop/data/goods/1653037997440l0.jpeg",100g 당 9160원,11,컬리,냉장 (종이포장),택배배송은 에코 포장이 스티로폼으로 대체됩니다.,1팩,250g,호주산,"- 소고기 함유
- 대두, 밀, 돼지고기, 우유, 토마토, 새우, 아황산류, 닭고기, 조개류(굴, 홍합, 전복), 오징어, 잣, 알류, 게, 복숭아, 땅콩, 호두, 고등어, 메밀과 동일 제조시설에서 제조",수령일 포함 최소 3일 남은 제품을 보내 드립니다.,"목초를 먹고 자란 담백한 소고기
[델리치오]
목초육 안심 스테이크
지방이 적어 담백한 맛이 일품인 호주산 소 안심을 소개합니다. 소를 넓은 들판에 자유로이 방목하여, 목초를 먹이며 키웠어요. 자연 방목한 덕분에 소고기 결이 탄탄하고 육즙이 풍만하죠. 부드러운 안심 부위만을 선별해, 스테이크 조리가 간편하도록 먹기 좋은 크기로 2인분을 준비했답니다. 고급 레스토랑 못지 않은 안심 스테이크를 집에서도 취향껏 즐겨 보세요.



영상으로 미리 만나는 델리치오 호주 목초육 안심
Kurly's Check Point
Kurly’s Pick
목초육 안심 스테이크
・중량 : 1팩(250g / 2개입)
・특징 : 목초를 먹이며 자연 방목해, 기름기가 다소 적은 호주산 소 안심이에요. 취향에 맞게 다양한 굽기의 스테이크를 즐겨보세요.
・보관법 : -2~10℃에서 즉시 냉장 보관하세요.
Kurly’s Note",meat
12,[KF365] 삼겹살 대패 1kg (냉동),"12,900","https://img-cf.kurly.com/cdn-cgi/image/quality=85,width=676/shop/data/goods/1653040211228l0.jpg","100g당 판매가 : 1,290원",12,컬리,냉동 (종이포장),택배배송은 에코 포장이 스티로폼으로 대체됩니다.,1팩,1kg,상품설명/상세정보 참조,"- 돼지고기 함유
- 본 제품은 소고기, 닭고기, 알류(달걀), 밀, 대두를 사용한 제품과 같은 제조시설에서 제조하고 있습니다.","이력번호가 표시된 제품이며, 이력번호는 수령하시는 상품 패키지에서 확인 가능합니다.","휘리릭 구워 먹는 얇은 삼겹살
삼겹살 대패
매일 부담 없이 사용할 수 있는 돼지고기를 찾고 있다면, KF365를 만나보세요. 얇은 두께로 빠르게 조리해 먹을 수 있는 대패 삼겹살을 합리적으로 즐길 수 있는 네덜란드산 돼지고기로 준비했답니다. 넉넉한 용량으로 담은 상품이라, 여럿이 함께 먹기에도 알맞지요. 간단한 구이부터 볶음 등의 요리에도 다채롭게 활용해 보세요.
Kurly's Check Point
Kurly’s Tip
보관법
・-18℃ 이하의 냉동실에서 보관해 주세요.",meat
13,[KF365] 한돈 급냉 삼겹살 600g (냉동),"14,940","https://product-image.kurly.com/cdn-cgi/image/quality=85,width=676/product/image/d2f0989a-93ff-445a-817d-cc35c515995d.jpg","100g당 판매가 : 2,490원",13,컬리,냉동 (종이포장),택배배송은 에코 포장이 스티로폼으로 대체됩니다.,1팩,600g,상품설명/상세정보 참조,"-돼지고기 함유
-이 제품은 쇠고기를 사용한 제조시설과 같은 시설에서 생산하고 있습니다.",- 수령일 포함 최소 165일 이상 남은 제품을 보내드립니다.,"한입 크기로 손질한 냉동 삼겹
[KF365]
한돈 급냉 삼겹살
맛 좋은 우리 한돈을 부담 없이 즐겨보세요. 컬리는 구이용으로 먹기 좋게 손질한 급냉 삼겹살을 준비했어요. 너무 두껍지도, 얇지도 않은 두께라 해동 없이 그대로 구워 즐길 수 있고요. 삼겹살 특유의 육즙과 씹는 재미도 오롯이 느낄 수 있답니다. 2~3인이 먹기 좋은 용량으로 준비했으니 냉동실에 든든히 챙겨 보세요.
Kurly's Check Point
Kurly’s Tip
보관법
・-18℃ 이하에서 냉동 보관해 주세요.
해동법
・냉동 상태 그대로 구워 드셔도 좋지만, 하루 전 냉장 해동 후 조리하시면 한결 부드러운 식감의 삼겹살을 맛볼 수 있습니다.
Kurly’s Note",meat
14,[KF365] 훈제오리 150g*2pk,"6,900","https://img-cf.kurly.com/cdn-cgi/image/quality=85,width=676/shop/data/goods/1653886849323l0.jpg",10g당 가격: 230원,14,컬리,냉장 (종이포장),택배배송은 에코 포장이 스티로폼으로 대체됩니다.,1묶음,150g x 2개입,상품설명/상세정보 참조,"-알류, 우유, 대두 함유
-메밀, 땅콩, 밀, 고등어, 게, 새우, 돼지고기, 복숭아, 토마토, 아황산류, 호두, 닭고기, 쇠고기, 오징어, 조개류(굴, 전복, 홍합 포함), 잣을 사용한 제품과 같은 제조시설에서 제조",해당 상품은 냉장 제품입니다.,"두 팩으로 나눠 담아 간편
[KF365] 훈제오리
매일 부담 없이 먹을 수 있는 밥반찬을 고민하셨다면, 컬리가 소개하는 훈제오리를 만나보세요. 신선한 국내산 오리만 엄선해 은은한 훈연을 입혔어요. 야들야들한 식감에 감칠맛이 배어 살짝만 구워도 풍미가 일품이지요. 한 번에 먹기 딱 좋은 양을 담아 두 팩으로 나누어 포장했으니, 간편하게 즐겨보세요. 간단한 밥반찬이나 도시락 반찬은 물론, 샐러드의 토핑이나 월남쌈의 속재료 등 활용법이 무궁무진하답니다.
Kurly's Check Point
Kurly’s Tip
보관법
・-2~5℃에서 냉장 보관하시고, 개봉 후에는 냉동 보관하세요.
조리법
・프라이팬 조리 시 : 예열된 프라이팬에 내용물을 올리고 중불에서 약 3~4분 이상 조리해 주세요.
・오븐 조리 시 : 180~220ºC에서 예열한 오븐에 내용물을 넣고, 약 6~7분 이상 조리해 주세요.
・전자레인지 조리 시 : 내용물을 내열용기에 옮겨 담은 뒤, 전자레인지에 넣고 700W 기준 약 2~3분 이상 조리해 주세요.",meat
15,[KF365] 생 등심 돈까스 8입 1kg (냉장),"14,900","https://img-cf.kurly.com/cdn-cgi/image/quality=85,width=676/shop/data/goods/1653886802261l0.jpg",넉넉하게 즐기는 바삭한 돈가스,15,컬리,냉장 (종이포장),택배배송은 에코 포장이 스티로폼으로 대체됩니다.,1개,1kg (8개입),상품설명/상세정보 참조,"- 돼지고기, 밀, 대두, 계란 함유
- 우유, 땅콩, 고등어, 게, 새우, 복숭아, 토마토, 아황산류, 호두, 닭고기, 쇠고기, 오징어, 조개류, 잣과 같은 시설에서 제조",수령일 포함 최소 4일 이상 남은 제품을 보내드립니다.,"넉넉하게 즐기는 바삭한 돈가스
[KF365] 생 등심 돈까스
촉촉한 육즙을 머금은 바삭한 돈가스는 남녀노소 좋아하는 메인 메뉴이죠. 컬리는 집에서 만든 듯 잡내 없이 깔끔한 냉장 돈가스를 1kg 대용량으로 넉넉하게 준비했어요. 신선한 국내산 등심을 두툼한 두께로 정형한 뒤 알맞게 숙성해, 풍부한 육즙과 부드러운 육질이 일품이랍니다. 여기에 입자가 큰 습식 빵가루를 입혀 바삭하게 부서지는 식감도 놓치지 않았어요. 오랜 세월 돈가스를 생산해온 제조사와 손을 잡고 정직하고 깨끗하게 생산했으니, 안심하고 즐겨보세요.
Kurly's Check Point
Kurly’s Tip
보관법
・-2~5℃에서 냉장 보관하시고, 개봉 후에는 냉동 보관하세요.
조리법
・160℃로 달궈진 기름에 약 4~5분 정도 노릇하게 튀겨 드세요.",meat
16,[경주천년한우] 1++ 한우 차돌박이 구이용 200g (냉동),"25,000","https://img-cf.kurly.com/cdn-cgi/image/quality=85,width=676/shop/data/goods/1597381756980l0.jpg","100g당 가격: 6,163원 (쿠폰 적용가)",16,컬리,냉동 (종이포장),택배배송은 에코 포장이 스티로폼으로 대체됩니다.,1팩,200g,상품설명/상세정보 참조,"- 쇠고기 함유
- 본 제품은 돼지고기, 쇠고기를 사용한 제품과 같은 제조시설에서 제조하고 있습니다.","이력번호가 표시된 제품이며, 이력번호는 수령하시는 상품 패키지에서 확인 가능합니다.","고소하고 촉촉한 맛이 일품
[경주축협] 경주천년한우
1++ 차돌박이
알고 보면 경주는 국내에서 한 손에 꼽힐 정도로 소를 많이 사육하는 지역이에요. 경주축협은 혈통 등록 이상의 송아지를 선별해 고품질의 소고기를 생산하고, 경주천년한우라는 프리미엄 브랜드로 선보입니다. 육색과 마블링 등에서 1++ 등급을 획득한 차돌박이를 컬리에서 만나보세요. 부드러운 지방과 살코기가 어우러지는 차돌박이는 구이는 물론이고 각종 찌개, 탕에 두루 활용할 수 있답니다. 살짝 익혀낸 뒤 우동이나 짬뽕 등에 올려도 별미랍니다.
Kurly's Check Point
Kurly’s Tip
보관법
・-18°C 이하의 온도에서 냉동 보관하세요.
해동법
・냉장실에 하루 동안 보관하면 먹기 좋은 상태로 해동됩니다. 빠르게 해동하고 싶은 경우 흐르는 찬물에 넣어 해동하세요.
Kurly’s Note
About Brand
경주천년한우는 '건강한 한우에서 온 안전하고, 맛이 뛰어난 소고기'를 목표로 경주축협이 만든 브랜드입니다. 그래서 송아지가 태어날 때부터 우리의 식탁에 도착하는 순간까지 모든 과정을 꼼꼼하게 관리해요. 브랜드 전용 사료를 급여하고, 경매 시장 또한 자체적으로 운영합니다. 도축 및 가공 과정 또한 위생적으로 이루어지죠. 모든 단계에서 안전한 고기를 만들기 위한 노력을 인정받아 경주축협은 국내 최초로 한우사육단계 HACCP 인증을 획득했어요. 천년 고도에서 온 프리미엄 한우의 다양한 맛을 즐겨보세요.",meat
17,[KF365] 한돈 목살 구이용 600g~ (냉장),"14,940","https://img-cf.kurly.com/cdn-cgi/image/quality=85,width=676/shop/data/goods/1637148001490l0.jpg","100g 당 판매가 : 2,490원",17,컬리,냉장 (종이포장),택배배송은 에코 포장이 스티로폼으로 대체됩니다.,1팩,"600g / 1,000g",국내산,"- 돼지고기 함유
- 본 제품은 쇠고기, 닭고기, 우유, 토마토, 조개류(굴, 전복, 홍합 포함)등을 사용하는 제조시설과 같은 시설에서 생산하고 있습니다.",수령일 포함 최소 5일 이상 남은 제품을 보내드립니다.,"한돈으로 즐기는 고소한 풍미
[KF365]
한돈 목살 구이용
맛 좋고 건강한 우리 한돈을 부담 없이 즐겨보세요. 컬리가 구이용으로 사랑받는 목살을 품질 좋은 한돈으로 준비했답니다. 목살은 기름기가 적어 담백한 맛을 자랑하는 부위인데요. 육즙을 보존하면서도 빠르게 구워 즐기기 적당한 두께로 정형했어요. 두 가지 용량으로 준비했으니 필요에 맞게 선택해 보세요. 찌개 등의 요리에도 활용하기 좋답니다.
Kurly's Check Point
Kurly’s Pick
01~02. 한돈 목살 구이용
・선택 가이드 : ①600g, ②1,000g 중 선택하세요.
・특징 : 국내산 목살을 구이에 알맞은 두께로 정형한 상품이에요.
Kurly’s Tip
보관법
・-2~5℃ 이하에서 냉장 보관해 주세요.
Kurly’s Note",meat
18,[자연실록] 무항생제 닭 다리살 (정육) 500g,"8,900","https://img-cf.kurly.com/cdn-cgi/image/quality=85,width=676/shop/data/goods/163842816248l0.jpg","100g 당1,780원",18,컬리,냉장 (종이포장),택배배송은 에코 포장이 스티로폼으로 대체됩니다.,1팩,500g,국내산,-닭고기 함유,수령일 포함하여 최소 3일 남은 상품을 보내드립니다.,"간편하게 즐기는 촉촉한 살코기
[자연실록]
무항생제 닭 다리살
좋은 환경에서 키워 더욱 안심할 수 있는 하림의 자연실록 닭고기를 소개할게요. 무항생제 인증농가에서 기능성 사료를 먹고 자란 건강한 닭을 깨끗하게 손질하고요. 본연의 육향과 육즙을 살려 신선한 냉장 상태 그대로 담았답니다. 이번에는 닭 다리의 뼈를 발라낸 뒤, 부드러운 살코기를 담아 준비했어요. 고소한 감칠맛이 남달라 다양한 요리에 두루 활용하기 좋답니다. 해동 없이 간편하게 우리 가족 반찬을 요리해 보세요.
Kurly's Check Point
Kurly’s Tip
보관법
・-2~5℃에서 냉장 보관하세요.
Kurly’s Recipe
춘천식 닭갈비
재료
(2인분 기준) 양배추 200g, 깻잎 10장, 대파 1대, 당근 1/3개(약 70g), 고구마 1개(약 150g), 양파 1/2개, 우동 면 210g, 닭다리살 500g, 쌀떡 10개

・양념장 재료 : 양조간장 3큰술, 고춧가루 3큰술, 설탕 2큰술, 올리고당 1큰술, 다진마늘 1큰술, 카레가루 1작은술, 다진 생강 1/2작은술, 고운 후춧가루 1/2작은술
・후식용 볶음밥 재료 : 마늘쫑 장아찌 2큰술, 참기름 1큰술, 밥 1공기, 김가루 3큰술
RECIPE
[닭갈비]
1. 양배추는 2cm, 깻잎은 3cm 길이로 썰어 준비합니다.
2. 대파는 세로 방향으로 반을 가른 후 4cm 길이로 자릅니다.
3. 당근과 고구마는 세로 방향으로 반을 갈라 0.5cm 두께로 어슷하게 썰어둡니다.
4. 껍질 벗긴 양파를 믹서기 혹은 강판으로 곱게 갈고, 준비한 양념장 재료들과 모두 섞습니다.
Tip. 닭갈비를 먹고 난 후 후식용 볶음밥까지 만들 예정이라면, 양념장 재료를 2배 분량으로 준비하세요.
5. 준비한 냄비에 물을 붓고, 우동 면을 30초~1분간 데칩니다.
6. 중불로 달군 팬에 닭다리살을 껍질 부분이 먼저 닿도록 올리고, 살이 반쯤 익으면 한 입 크기로 자릅니다.
7. ⑥에 깻잎을 제외한 ①~③의 모든 채소, 쌀떡을 넣고 골고루 섞습니다.
8. ⑦의 채소가 반쯤 익으면, ④의 양념장을 넣고 5분간 더 볶습니다.
9. ⑧에 ⑤의 우동 면과 ①의 깻잎을 넣고 1분 정도 더 볶아 완성합니다.
Tip. 취향에 따라 닭고기를 먼저 먹고 난 후, 나중에 우동 면을 추가해도 좋아요.

[후식용 볶음밥]
1. 미리 만들어둔 여분의 양념장 2~3큰술, 0.5cm 두께로 썬 마늘쫑 장아찌, 참기름, 밥, 김가루를 준비합니다.
2. ①의 볶음밥 재료를 모두 섞고, 닭갈비가 일부 남아있는 팬에 붓습니다.
3. ②을 주걱으로 얇게 펴서 꾹꾹 눌러주고, 중불에서 1~2분 정도 익힙니다.
Tip. 볶음밥 바닥면이 살짝 노릇하게 튀겨질 정도로 익히면 가장 맛있어요.",meat
19,[태우한우] 1+ 한우 절단국거리용 200g (냉장),"10,240","https://product-image.kurly.com/cdn-cgi/image/quality=85,width=676/product/image/d1c2fda6-e5a6-4dd7-8464-e4ee6e002b5c.jpg","100g당 가격: 6,400원",19,컬리,냉장 (종이포장),택배배송은 에코 포장이 스티로폼으로 대체됩니다.,1팩,200g,국내산(한우),"-소고기 함유
- 이 제품은 돼지고기를 사용한 제품과 같은 제조시설에서 제조하고 있습니다.",제조일로부터 8일 이내 상품을 보내드립니다.,"다섯 부위를 섞은 국거리용 소고기
[태우한우] 1+ 한우
절단 국거리용
평소 국거리용 소고기를 구입하실 때 주로 양지 부위를 즐겨 찾으셨을 텐데요. 컬리는 국거리용으로는 조금 낯설 수 있는 앞다리, 설깃 등 5가지 부위를 한우 1+등급으로 준비했어요. 5가지 부위에 공통점이 있다면 바로 기름기가 적고 고기의 결이 거칠다는 점인데요. 육질이 무척 탄탄하고 치밀한 덕에 오래 끓여도 고기의 결이 흐트러짐이 없지요. 큐브 형태로 정형해 포장했으니, 따로 손질할 필요 없이 탕, 찌개 등의 요리에 간편하게 활용해 보세요. 다채로운 식감과 맛을 만끽할 수 있어 더욱 만족스러울 거예요.
Kurly's Check Point
Kurly’s Pick
1+ 한우 절단 국거리용
・중량 : 1팩(200g)
・특징 : 한우의 앞다리, 설깃, 설도, 우둔 그리고 사태 부위를 국거리용에 알맞게 정형한 뒤 고루 섞어 포장한 제품입니다.
Kurly’s Note
About Brand
마장동에 위치한 태우 한우는 1988년 창업 이래로 30년간 축산에 집중해온 축산전문 기업이에요. 신선하고 품질 좋은 한우 생산을 위해 무엇보다 중요한 것은 철저한 위생관리와 품질관리라는 신념으로 사업을 꾸려나가고 있죠. HACCP 우수 업체로 기본에 충실한 생산과 음이온 가공장 시설을 운영하며 위생 관리에 엄격하게 신경 쓰고 있어요. 그 노력의 결과를 보여주기라도 하는 듯 500여 곳이 넘는 대형 고객사에게 신뢰를 얻고 함께하고 있으며, 맛과 품질은 물론이고 그 브랜드 가치를 인정받아 미식의 나라 싱가포르와 홍콩 등지에 해외 수출을 하며 우리나라 한우를 세계에 알리는 데 앞장서고 있습니다.",meat
20,[숭의가든] 한돈 목살 양념 구이,"14,900","https://img-cf.kurly.com/cdn-cgi/image/quality=85,width=676/shop/data/goods/1648207341123l0.jpeg",우리 집에 찾아온 인천 맛집,20,컬리,냉동 (종이포장),택배배송은 에코 포장이 스티로폼으로 대체됩니다.,1팩,500g,상세페이지 별도 표기,"- 돼지고기, 밀, 대두 함유","해당 상품은 생양념을 사용하여 맛 보존을 위해 전자레인지 해동이 아닌, 냉장해동/유수해동을 권장드립니다.","우리 집에 찾아온 인천 맛집
[숭의가든]
한돈 목살 양념 구이
인천 제물포역 인근에 자리한 숭의가든은 인천을 대표하는 고깃집입니다. 일부러 인천까지 찾아가지 않고도, 이제 컬리를 통해 숭의가든의 고기를 만날 수 있습니다. 양념된 돼지고기 하면 갈비 부위를 먼저 떠올리실 텐데요. 숭의가든은 갈비가 아닌 목살 부위를 엄선한 뒤 마늘, 배, 양파, 설탕, 생강 등으로 만든 특제 간장 양념을 입혔습니다. 목살은 갈비보다 기름기가 적고 살코기의 품질을 유지하기에도 좋기 때문이지요. 양념 목살의 표면을 보면 사선으로 촘촘한 선이 새겨져 있는 것을 알 수 있습니다. 기계가 아닌 사람의 손으로 일일이 칼집을 넣어 육질을 부드럽게 만든 흔적이에요. 숭의가든의 노하우가 깃든 돼지 양념 목살을 집에서 노릇노릇하게 구워 드셔 보세요.



영상으로 미리 만나는 목살 양념 구이
Kurly's Check Point
Kurly’s Pick
한돈 목살 양념 구이
・ 중량 : 500g
・ 특징 : 국산 돼지고기의 목살 부위를 오랜 전통을 자랑하는 숭의가든의 특제 간장 양념에 절였습니다.
・ 테이스팅 노트 : 칼집이 난 덕분에 텁텁하거나 질기지 않고, 부드러워요. 양념에서는 단맛이 은은하게 돕니다. 쌈 채소를 곁들여 먹거나 밥과 함께 먹으면 잘 어울려요.
・ 보관방법 : 바로 드시지 않는다면 반드시 냉동실에서 보관해 주세요. 드시기 전 냉장실에서 자연 해동해 주세요.
Kurly’s Tip
이렇게 조리하세요
・냉동 상태의 패키지를 냉장실에 보관하거나 찬물에 담가 충분히 해동한 뒤, 양념을 제외한 고기만 건져 프라이팬에 올리고 중약불에서 천천히 구워 주세요.
Tip. 전자레인지로 가열 시, 생양념의 맛이 조금 달라질 수 있어 전자레인지 해동 및 조리는 권장 드리지 않습니다.
칼집과 반대 방향으로 자르세요
・ 고기를 어떻게 자르냐에 따라 육질이 다르게 느껴져요. 구운 돼지 양념 목살을 자르실 때는 칼집 난 방향과 반대 방향으로 자르세요. 더 연하고 더 맛있게 느껴질 거예요.
캐러멜색소, 걱정하지 마세요
・갈색을 내는 착색료인 캐러멜색소를 첨가하면 고기의 빛깔이 더 또렷하고 맛있게 느껴집니다. 그러나 숭의가든은 캐러멜색소를 사용하지 않습니다. 고기를 해동했을 때 고기의 색깔이 다소 붉게 보일 수도 있습니다.
About Brand
인천시 남구 숭의동에 자리한 '숭의가든'. 1991년 문을 연 이래, 수십 년간 한결같은 고기 맛으로 수많은 이들의 사랑을 받고 있지요. 동네 주민들에게는 고기가 생각날 때 편하게 찾을 수 있는 사랑방 같은 존재, 타지 사람들에게는 일부러 방문하고 싶은 명소로 자리 잡았답니다. 매장 주변에 푸른 소나무를 멋지게 장식해두어, 조경이 아름다운 가게라는 인상을 주기도 한답니다. 대표 메뉴는 한우구이 메뉴를 비롯해 양념 맛이 일품인 돼지갈비, 불고기 등이에요. 숭의가든은 수준 높은 고기를 선보이는 '고기 명가(肉名家)'라는 자리를 지키기 위해 부단히 노력하고 있습니다.",meat
21,[KF365] 1+등급 무항생제 백색 대란 20구,"7,150","https://product-image.kurly.com/cdn-cgi/image/quality=85,width=676/product/image/4ea65434-7413-43e3-a4ef-1037c0d6c47c.jpg",1구 당 판매가 : 358원,21,컬리,냉장 (종이포장),택배배송은 에코 포장이 스티로폼으로 대체됩니다.,1팩(20구),1040g,국내산,- 계란 함유,"출고일 기준, 산란일로부터 10일 이내 상품을 배송해드립니다.(총 유통기한 : 산란일로부터 30일)","하얀 달걀을 넉넉하게
[KF365] 1+등급
무항생제 백색 대란 20구
매일 같이 식탁에 오르는 식재료인 만큼 믿고 살 수 있는 달걀을 찾고 있는 분이라면 KF365가 선보이는 1+등급 무항생제 백색 대란을 만나보세요. 1+, 1, 2 등급 계란의 품질을 나누는 세 가지의 등급 중에서 1+등급의 품질을 유지하기 위해 닭의 스트레스를 줄이는 사육 환경을 제공하고 사료를 관리하는 것은 물론, 닭의 주령까지 꼼꼼하게 관리하죠. 거기에 무항생제 인증까지 받은 달걀이니 믿고 선택하실 수 있을 거예요. 20구 상품으로 준비했으니, 매일매일 신선하게 즐겨보세요.
Kurly's Check Point
달걀, 꼼꼼하게 따져보세요
닭이 자라는 환경은 어떤가요?
・현재 케이지를 도입하고 있기 때문에 사육환경번호 4번에 해당합니다. 그러나 일반적으로 상상할 수 있는 케이지 농가가 아닌, 위생적이고 혁신적인 스마트팜이에요. 온도, 습도, 일조량, 계분 처리 등을 최첨단으로 관리하여 스트레스를 최소화하고 달걀의 안전도 지키고 있습니다.
닭에게 무엇을 먹이나요?
・유산균을 비롯한 비타민 E, 칼슘 등 영양성분이 뛰어난 사료를 맞춤형으로 제공해요. 항생제와 산란촉진제 등이 포함돼 있지 않은 사료를 급여해 무항생제 인증을 받았어요.
세척한 달걀인가요?
・달걀 껍질에 묻은 분뇨를 세척한 뒤 냉장으로 유통합니다.
안전한 달걀인지 검사를 하나요?
・주기적인 자가품질검사를 통해 농약, 항생제 등이 잔류하지 않는지 테스트하고 있어요.
Kurly’s Tip
산란일과 유통기한
・산란한지 10일 이내의 달걀을 보내드려요. 유통기한은 산란일자로부터 약 한 달간입니다. 단, 보관 상태에 따라 섭취 가능 기한은 달라질 수 있어요.
Kurly’s Note",meat
22,[모노키친] 롱롱 돈까스,"6,882","https://img-cf.kurly.com/cdn-cgi/image/quality=85,width=676/shop/data/goods/1653034484643l0.jpeg",자르지 않고 즐기는 돈가스 스틱,22,컬리,냉동 (종이포장),택배배송은 에코 포장이 스티로폼으로 대체됩니다.,1개,320g,상품설명/상세정보 참조,"- 돼지고기, 대두, 밀, 계란, 우유 함유 
- 쇠고기, 닭고기, 새우, 게, 오징어, 고등어, 조개류(굴, 전복, 홍합 포함), 메밀, 호두, 땅콩, 잣, 토마토, 복숭아, 아황산류와 같은 시설에서 제조","등심 모양이 일정치 않아 조각마다 일부 모양 차이가 있을 수 있으나, 전체 중량은 동일한 점 참고부탁드립니다.","자르지 않고 즐기는 돈가스 스틱
[모노키친] 롱롱 돈까스
미식을 선사하는 간편식 브랜드 모노키친의 롱롱 돈까스를 소개합니다. 이름처럼 길쭉한 모양으로 만들어낸 돈가스예요. 국내산 돼지고기 등심 부위만을 선별해 먹기 좋은 크기로 길게 잘라 만들었답니다. 덕분에 따로 자를 필요가 없어 간편하고요. 결이 살아 있는 고기의 식감도 잘 전해진답니다. 도톰한 튀김옷에 빵가루를 소복하게 묻힌 후, 기름에 두 번이나 튀겨내 더욱 바삭할 거예요. 포크로 콕 찍어 먹으면 되니 아이들 간식으로, 도시락 반찬으로 다양하게 활용해 보세요.
Kurly's Check Point
Kurly’s Tip
이렇게 조리하세요
・냉동 상태의 돈가스를 200℃의 에어프라이어에 넣고 약 13분간 조리해 주세요.
About Brand
세상의 미식, 모노키친으로 만나보세요. 모노키친은 종합식품기업 LF푸드의 홈다이닝 간편식 브랜드입니다. 탄탄한 기반을 바탕삼아 전문적이고 깊이 있는 간편식을 제안하지요. 전국 2만 곳 이상의 파트너에게서 수집한 메뉴 선호도, 평가 피드백을 자체 R&D센터에서 분석하고 고도화하죠. 모노키친의 맛과 품질을 신뢰할 수 있는 이유랍니다. 생활 미식부터 세계 여러 나라의 미식을 모두 아우르는 만큼 메뉴 선택지가 다양한 것도 매력적이죠. 손쉽게 근사한 요리를 만들고 싶을 때, 모노키친이 함께할게요.",meat
23,[이목] 국내산 소고기 양지 국거리용 200g 2종 (냉장),"8,900","https://img-cf.kurly.com/cdn-cgi/image/quality=85,width=676/shop/data/goods/1625730576125l0.jpg","100g당 판매가: 4,450원",23,컬리,냉장 (종이포장),택배배송은 에코 포장이 스티로폼으로 대체됩니다.,1팩,200g,국내산,"- 소고기 함유
- 알레르기 유발물질인 돼지고기, 밀, 대두를 사용한 제품과 같은 제조시설에서 제조하고 있습니다.",포장일로부터 최소 8일 이내 제품을 보내 드립니다.,"국이 더 맛있어지는 비결
[이목] 국내산 소고기
양지 국거리용 2종
부담 없이 식탁에 올릴 수 있는 소고기, 이목을 소개할게요. 평균 24개월간 키운 어엿한 국내산 육우만 골라 선보이는 브랜드예요. 2등급 이상의 스펙으로 기름기가 적고, 보통 30개월간 키운 뒤 도축하는 한우에 비해 월령이 적어 식감도 부드러운 편이죠. 이번에는 푹 끓이면 본연의 감칠맛 서서히 우러나는 양지를 2종으로 준비했는데요. 한입 크기의 절단육은 요리에 그대로 넣어 간편하게 활용하기 좋고요. 덩어리육은 장조림처럼 오랜 시간 조리할 때 적합하답니다.
Kurly's Check Point
Kurly’s Pick
01. 국내산 소고기 양지 국거리용
・중량 : 1팩(200g)
・특징: 양지 부위를 덩어리로 정형해 용도에 따라 잘라 쓰기 좋아요.
02. 국내산 소고기 양지 절단 국거리용
・중량 : 1팩(200g)
・특징 : 양지 부위를 가로 세로 1.5cm 크기의 큐브 모양으로 손질했어요. 포장만 벗겨 바로 요리에 활용하기 좋습니다.
Kurly’s Tip
이렇게 보관하세요
・구매 후 -2~10℃도의 냉장고에 보관해 주세요. 신선한 상태로 보내 드리는 냉장육이므로, 수령 후 가급적 빠른 시일 내에 섭취하는 것이 좋습니다.
Kurly’s Note",meat
